{
	"schemaVersion": 1,
	"id": "infinite",
	"version": "${version}",
	"name": "Infinite",
	"description": "This is an example description! Tell everyone what your mod is about!",
	"authors": [
		"Me!"
	],
	"contact": {
		"homepage": "https://fabricmc.net/",
		"sources": "https://github.com/FabricMC/fabric-example-mod"
	},
	"license": "CC0-1.0",
	"icon": "assets/infinite/icon.png",
	"environment": "*",
	"entrypoints": {
		"main": [
			{
				"value": "org.the_infinitys.Infinite",
				"adapter": "kotlin"
			}
		],
		"client": [
			{
				"value": "org.the_infinitys.InfiniteClient",
				"adapter": "kotlin"
			}
		],
		"fabric-datagen": [
			{
				"value": "org.the_infinitys.InfiniteDataGenerator",
				"adapter": "kotlin"
			}
		]
	},
	"mixins": [
		"infinite.mixins.json",
		{
			"config": "infinite.client.mixins.json",
			"environment": "client"
		}
	],
	"depends": {
		"fabricloader": ">=0.17.2",
		"minecraft": "~1.21.8",
		"java": ">=21",
		"fabric-api": "*",
		"fabric-language-kotlin": "*"
	},
	"suggests": {
		"another-mod": "*"
	}
}